BDP;Month;Seeds;TotalAdoption_mean;TotalAdoption_sd;PrivateGrossInvestmentToGdp_mean;PrivateGrossInvestmentToGdp_sd;FirmBirths_mean;FirmBirths_sd;FirmDeaths_mean;FirmDeaths_sd;NetEntry_mean;NetEntry_sd;LivingFirmCount_mean;LivingFirmCount_sd
0.0;1.0;10.0;0.04467;0.0019038265560590208;0.11435000000000001;0.005274308801476583;0.2;0.4216370213557839;0.2;0.4216370213557839;0.0;0.0;10000.0;0.0
0.0;2.0;10.0;0.04526;0.001934597287981834;0.12511;0.004787588119293473;32.3;11.916841490559111;3.0;1.4907119849998598;29.3;12.552556180581972;10029.3;12.552556180581972
0.0;3.0;10.0;0.04557;0.0019108171608561149;0.12754;0.004046727072585944;17.3;1.2516655570345725;1.2;1.1352924243950935;16.1;1.286683937707919;10045.4;12.790621564255586
0.0;4.0;10.0;0.04613;0.0019293349458643343;0.12955;0.003536240942017383;21.0;1.4907119849998598;3.7;1.888562063228706;17.3;2.1628170930011112;10062.7;13.004700005083633
0.0;5.0;10.0;0.046759999999999996;0.0019230762393161185;0.13095;0.0034766682646209203;23.2;1.7511900715418263;2.6;2.270584848790187;20.6;1.2649110640673518;10083.3;13.047349667014116
0.0;6.0;10.0;0.04719;0.0017897547938816147;0.13226;0.0031134832226587905;24.4;2.1186998109427604;2.3;1.0593499054713802;22.1;2.183269719175042;10105.4;12.066482503198685
0.0;7.0;10.0;0.04772;0.001769996861265266;0.13263;0.0026541581632516863;32.0;1.9436506316151;23.0;7.468452167469359;9.0;6.324555320336759;10114.4;7.720103626247513
0.0;8.0;10.0;0.048350000000000004;0.0017347750414519014;0.13267;0.0025051280739049418;34.1;2.330951164939612;14.1;2.960855732160327;20.0;1.4142135623730951;10134.4;7.167829363048327
0.0;9.0;10.0;0.04898;0.0018443908961437055;0.13236;0.0022697038475438967;36.7;2.496664441476534;15.9;3.634709219609061;20.8;2.616188916046478;10155.2;7.96938586787659
0.0;10.0;10.0;0.04958;0.0019372374374063926;0.13164;0.00246089414644353;38.3;1.946506842754191;16.5;2.5495097567963922;21.8;3.3928028399998595;10177.0;9.273618495495704
0.0;11.0;10.0;0.05031;0.0019851952045076074;0.13077;0.002006129496207946;41.1;2.8848262031225076;20.2;4.1311822359545785;20.9;1.7919573407620817;10197.9;9.085397319019375
0.0;12.0;10.0;0.05101;0.002013537517240078;0.13006;0.002226207537495098;45.2;3.457680661303984;26.3;6.377913277693401;18.9;4.5570458267025;10216.8;9.942054337230532
0.0;13.0;10.0;0.05158;0.0019893047361662156;0.12928;0.002321302316469022;45.8;3.011090610836324;28.5;4.034572812303401;17.3;3.497618237219913;10234.1;10.754327294422257
0.0;14.0;10.0;0.0522;0.0020493901531919195;0.1281;0.0021540659228538018;48.3;3.1287200080686173;28.3;2.6267851073127395;20.0;3.1622776601683795;10254.1;12.269655432995844
0.0;15.0;10.0;0.05277;0.0019229895706656564;0.12799;0.0020604476320558217;50.3;3.653004851412662;29.9;5.506561742341788;20.4;4.501851470969102;10274.5;16.2907608443832
0.0;16.0;10.0;0.05352;0.001866547615251215;0.1273;0.0021437246921084674;53.3;3.743141876967945;35.3;5.926400443964466;18.0;3.858612300930075;10292.5;15.834210502018161
0.0;17.0;10.0;0.054169999999999996;0.0018006480314968092;0.12704;0.00196988437336927;56.0;3.858612300930075;37.0;4.268749491621899;19.0;3.9440531887330774;10311.5;16.56133381638622
0.0;18.0;10.0;0.05477;0.001866101104799344;0.12738;0.0020148338779054607;57.9;4.605552204797066;38.1;5.915140648276158;19.8;4.077035960378842;10331.3;19.618868468900036
0.0;19.0;10.0;0.05542;0.001879598065781322;0.12693;0.001991119171610667;59.3;4.808557187163549;38.4;6.801960501698511;20.9;5.10881590977792;10352.2;21.811312049790434
0.0;20.0;10.0;0.05605;0.001691317697996316;0.127;0.001702938636592639;60.7;5.598610938835136;40.3;6.600505031182589;20.4;4.718756898449704;10372.6;24.82024263468116
0.0;21.0;10.0;0.05679;0.0017483007623276825;0.12682;0.0021133438485542813;62.9;4.909175083453431;44.5;5.7975090436420285;18.4;6.65331997326648;10391.0;31.02328874320781
0.0;22.0;10.0;0.05751;0.0017885127278769299;0.12735;0.0019477907713327117;63.6;5.146735750831676;42.5;6.004627844883941;21.1;3.9001424475410014;10412.1;33.361488109628574
0.0;23.0;10.0;0.05814;0.0017360235533476433;0.12703;0.0016865810254937555;64.8;5.593647190240808;45.6;6.501281924871945;19.2;5.43241300999023;10431.3;36.21555835088929
0.0;24.0;10.0;0.05877;0.0017486820433940792;0.12746;0.0018886797269815532;66.1;5.043147165543886;46.2;5.0508525133002165;19.9;4.724639903973871;10451.2;37.78829918844662
0.0;25.0;10.0;0.05946;0.0018644033898274264;0.12456;0.0020748226162467195;65.3;5.657836257007719;48.7;7.761013679496599;16.6;4.695151163109069;10467.8;38.591305871774914
0.0;26.0;10.0;0.06023;0.001840923681199195;0.12185;0.002174217611515055;67.2;5.711586664161039;53.0;8.628119403696523;14.2;6.696599468718765;10482.0;41.61997383735629
0.0;27.0;10.0;0.06103;0.0019510965577791823;0.11953;0.0019166231879126493;68.4;5.211099265563414;50.6;5.699902533279748;17.8;4.077035960378842;10499.8;44.54411047240452
0.0;28.0;10.0;0.06175;0.002054939847727368;0.11709;0.0018615704242505695;70.0;5.830951894845301;56.1;6.9992063042097055;13.9;3.725288952252936;10513.7;45.14679759776249
0.0;29.0;10.0;0.06247;0.0020358181538525366;0.11552;0.0022374588760963226;69.6;5.910442735813734;50.2;5.788878225624643;19.4;3.339993346633426;10533.1;47.51946969401069
0.0;30.0;10.0;0.06297;0.00194767667862108;0.11348;0.0020203410053200865;71.2;6.646636576327743;57.3;9.707385504518369;13.9;5.384133067531754;10547.0;49.52664827028868
0.0;31.0;10.0;0.06383;0.0019333620687519671;0.11208;0.0019164782516086344;73.5;7.604823031033223;59.7;11.065963833103538;13.8;6.679986693266852;10560.8;54.31758462965745
0.0;32.0;10.0;0.06462;0.002068708668603569;0.11054;0.0018810162737792084;74.1;7.156193898373011;57.7;6.61731734835869;16.4;3.6270588023294517;10577.2;57.16603498193272
0.0;33.0;10.0;0.06527;0.002193956345154671;0.10929;0.0021084222642640733;76.1;8.608135686662937;62.5;10.080233683358294;13.6;3.272783388968954;10590.8;56.098722504765355
0.0;34.0;10.0;0.06617;0.0021792200439606844;0.10837000000000001;0.002044532002955962;77.0;9.556847457887635;60.9;9.803060746521975;16.1;5.173651192984184;10606.9;55.33624490331812
0.0;35.0;10.0;0.06699;0.002255585659350286;0.10696;0.0019039140970350764;78.2;9.919677414109795;63.2;10.119288512538814;15.0;7.393691004272945;10621.9;61.462635442645606
0.0;36.0;10.0;0.0678;0.0023828088000882024;0.1062;0.001907295933455998;80.0;10.187137859957417;65.3;10.274564062122863;14.7;6.4299645756757045;10636.6;62.958893114652376
0.0;37.0;10.0;0.06868;0.002393416897334112;0.10529;0.0019587127292064964;78.9;11.14998754359045;64.3;10.520350648993492;14.6;5.232377832092956;10651.2;67.29008512073347
0.0;38.0;10.0;0.06952;0.002530173467922264;0.10463;0.0020044672331791524;81.2;11.301917241483116;69.1;9.596874491208062;12.1;7.593125545883958;10663.3;71.37545485358083
0.0;39.0;10.0;0.07034;0.0024905153415842813;0.10367;0.0021406385340204757;81.9;11.551334699216941;67.9;12.296792716440784;14.0;7.972173828734265;10677.3;70.42734633017994
0.0;40.0;10.0;0.07124;0.0026239071799301333;0.10307;0.0021208226915253653;84.1;12.059574342958102;73.4;9.406853293683755;10.7;6.09280085200741;10688.0;74.59371436134698
0.0;41.0;10.0;0.07195;0.0027601328470443828;0.10252;0.0022104800886283095;85.9;13.287002839032;73.3;13.182901383568371;12.6;6.535373831014651;10700.6;77.55456860244347
0.0;42.0;10.0;0.07288;0.0027352838568926964;0.10204;0.002128745065891065;86.8;13.273197722394471;72.4;9.845472732852055;14.4;8.369255907453448;10715.0;81.42344734643565
0.0;43.0;10.0;0.07395;0.0026994855476964908;0.1017;0.0021581885408318204;86.6;15.664538862595917;70.3;16.472536065962778;16.3;6.464432603785802;10731.3;83.78948488788899
0.0;44.0;10.0;0.07483000000000001;0.002839424824384919;0.10128;0.0019831512521461623;88.6;15.896889982355388;75.8;12.236557250032925;12.8;8.283853102404835;10744.1;85.69772459056308
0.0;45.0;10.0;0.07551;0.002892307805964719;0.10122;0.0014965144688761124;90.2;14.436065946094871;76.6;8.140434058861153;13.6;9.957688263626029;10757.7;92.61395383226247
0.0;46.0;10.0;0.07645;0.002981889781106381;0.10094;0.0021577766334817884;90.4;15.342026521218694;75.9;14.066903631495375;14.5;7.501851623284599;10772.2;97.96802199357367
0.0;47.0;10.0;0.0772;0.0032207659544483077;0.10102;0.0021560251493070383;91.7;14.817782110243984;76.8;10.261037417770627;14.9;6.740425308044985;10787.1;103.0355386370267
0.0;48.0;10.0;0.0781;0.003129075120720356;0.10067999999999999;0.0020916766268023125;92.0;15.18771433319269;76.4;12.598059815348993;15.6;6.899275324264136;10802.7;106.4623564145249
0.0;49.0;10.0;0.07904;0.0030811974584206364;0.10063;0.002358931019668774;90.1;15.884653670200752;73.2;12.959766801742829;16.9;7.400450436741447;10819.6;112.7910555949461
0.0;50.0;10.0;0.08002;0.0031579881077814244;0.10054;0.002553080927472182;92.4;17.36663467687393;82.0;15.084944665313014;10.4;4.033195589934446;10830.0;115.15400316291417
0.0;51.0;10.0;0.08080999999999999;0.0031733088234347567;0.10042;0.0025969212541007074;93.1;18.76432785899884;79.8;17.26782492897637;13.3;3.743141876967945;10843.3;116.23639705359075
0.0;52.0;10.0;0.08193;0.003112715855968868;0.10001;0.002781466439767978;95.1;17.559106532572272;84.0;10.327955589886445;11.1;9.608445359277546;10854.4;125.25724640825287
0.0;53.0;10.0;0.08297;0.0032431294899971075;0.09976;0.002970671454215176;94.9;16.475233938652686;79.6;12.738393409950357;15.3;7.43938468184328;10869.7;131.0123403856802
0.0;54.0;10.0;0.08374000000000001;0.0031213245051847256;0.09951;0.002884614358974178;94.9;17.99042955450357;81.0;17.93816539609828;13.9;7.046669820245273;10883.6;131.3445003712671
0.0;55.0;10.0;0.08465;0.0032694715848963197;0.09961;0.002878444796143301;94.3;17.455021563371893;78.7;14.742606433207271;15.6;7.306009702825324;10899.2;136.79652367252936
0.0;56.0;10.0;0.08577;0.003344331854878572;0.09912;0.0027879901163542324;96.4;17.68363964547771;86.1;14.72299788313055;10.3;5.793674711844519;10909.5;139.6601032666253
0.0;57.0;10.0;0.08679;0.0034021071901592583;0.09913;0.002946579938391853;97.5;19.403607911932255;83.7;18.973958762238077;13.8;5.370702416299421;10923.3;140.18483829890053
0.0;58.0;10.0;0.0878;0.0030894084295289364;0.0993;0.002803172805550484;97.7;17.5122179571229;83.6;12.615686884016881;14.1;10.928555866780082;10937.4;149.60035650581406
0.0;59.0;10.0;0.08869;0.0031897230809794985;0.0993;0.0028007935383466665;98.2;17.725060727054725;85.4;17.1023065370987;12.8;8.766096305907462;10950.2;156.41810068602106
0.0;60.0;10.0;0.0897;0.0032090150790823296;0.09899;0.002881531228743188;98.3;17.632356620712955;83.6;16.39241016785241;14.7;7.703534542302283;10964.9;158.53947983599122
500.0;1.0;10.0;0.04467;0.0019038265560590208;0.11436;0.005293643987525671;0.2;0.4216370213557839;0.2;0.4216370213557839;0.0;0.0;10000.0;0.0
500.0;2.0;10.0;0.045219999999999996;0.0018819611520373579;0.12505;0.004667678461743293;32.0;11.990737165736633;3.2;1.7511900715418263;28.8;13.045220495559965;10028.8;13.045220495559965
500.0;3.0;10.0;0.0455;0.0018098495947330975;0.12739;0.0036912659677195347;15.1;1.1005049346146119;1.3;1.0593499054713802;13.8;1.1352924243950935;10042.6;13.048627003124377
500.0;4.0;10.0;0.04604;0.0018482424083436678;0.12922;0.0033239200418247786;18.1;1.1005049346146119;3.1;1.5238839267549948;15.0;2.1081851067789197;10057.6;12.790621564255586
500.0;5.0;10.0;0.04678;0.0019303425142244124;0.13094;0.003655498142068554;19.6;1.0749676997731399;2.0;2.0;17.6;1.837873166945363;10075.2;11.85842410365822
500.0;6.0;10.0;0.04735;0.0021125287637752486;0.13212;0.0029385559567772592;20.6;1.0749676997731399;1.6;0.9660917830792959;19.0;1.1547005383792515;10094.2;11.99814800523629
500.0;7.0;10.0;0.04801;0.00218400752949455;0.13258999999999999;0.002912597160992612;28.8;3.2591750830880843;24.1;9.456919865015951;4.7;6.750308634919345;10098.9;6.756889488185784
500.0;8.0;10.0;0.04863;0.002252430785716721;0.13283;0.0026081283199515626;30.2;2.2997584414213788;11.9;2.024845673131659;18.3;2.3118054512532935;10117.2;8.107609594284455
500.0;9.0;10.0;0.04919;0.0022328108841647206;0.13219;0.0023263944444378106;31.9;2.2335820757001272;12.4;2.3664319132398464;19.5;2.4608038433722332;10136.7;8.743886753358346
500.0;10.0;10.0;0.0498;0.0023026554718894054;0.13178;0.002565497569240279;34.3;2.0027758514399734;15.6;2.716206504995115;18.7;2.1628170930011112;10155.4;9.082339395160748
500.0;11.0;10.0;0.05029;0.002341153561815201;0.13086;0.0023358082113050333;36.5;2.718251071716682;17.1;3.634709219609061;19.4;3.5023801430836525;10174.8;10.464755664185912
500.0;12.0;10.0;0.05098;0.0024017586149412355;0.12965;0.002523775830862248;39.2;2.2997584414213788;21.5;3.5978388574871505;17.7;4.083843505544474;10192.5;12.313046378175919
500.0;13.0;10.0;0.05167;0.002266200932544744;0.12852;0.002565497569240274;39.2;2.6997942308422114;24.6;5.3374983736661585;14.6;3.893013685508382;10207.1;12.71438380557845
500.0;14.0;10.0;0.05239;0.002124173041706139;0.12761;0.0027363601127531898;41.9;2.4244128727957577;26.3;4.001388647846034;15.6;3.777124126457412;10222.7;15.839823231336895
500.0;15.0;10.0;0.05303;0.002276473881539899;0.12697;0.0025364235538341082;44.4;3.1340424729448424;27.7;4.9899899799498595;16.7;3.3015148038438356;10239.4;16.94566480122735
500.0;16.0;10.0;0.05382;0.0023279938907899986;0.12698;0.0026402020124730377;47.0;3.2317865716108862;30.0;2.309401076758503;17.0;2.0;10256.4;18.422208819188263
500.0;17.0;10.0;0.05456;0.002332952349849148;0.12645;0.0025268557536986544;50.1;3.725288952252936;35.0;5.849976258261415;15.1;4.383048152953731;10271.5;21.224985276791124
500.0;18.0;10.0;0.05527;0.002278425382193199;0.12628;0.002066021404643341;51.8;3.521363372331802;33.9;5.3218626647276635;17.9;4.532597979574677;10289.4;23.63236951490241
500.0;19.0;10.0;0.05595;0.0022672793289657874;0.12647;0.0023842306003311747;52.0;3.681787005729087;32.1;4.954235000930461;19.9;3.784471194529326;10309.3;26.268062568661417
500.0;20.0;10.0;0.05653;0.0022241352876517604;0.12711;0.001954737834084149;53.3;3.3349995835415367;36.5;4.6963342678684565;16.8;4.1041983924323695;10326.1;28.544117899607034
500.0;21.0;10.0;0.0572;0.0021343747458109495;0.12736;0.0024739532017490676;53.5;3.3416562759605704;34.4;5.621387729022079;19.1;3.5103022978402048;10345.2;29.44976891061947
500.0;22.0;10.0;0.058;0.002064515008960269;0.12759;0.002217330727599185;54.9;4.840798832148815;39.8;7.29992389610254;15.1;3.478505426185217;10360.3;28.008133739247167
500.0;23.0;10.0;0.05873;0.0020992326640412624;0.1273;0.002044504830026087;56.0;4.83045891539648;39.7;7.0561242115547325;16.3;5.437523946307424;10376.6;32.476316156718134
500.0;24.0;10.0;0.05966;0.00219959592248718;0.12727;0.0023953890892481084;57.4;5.316640543300503;41.7;6.929005059249929;15.7;3.945461527713414;10392.3;33.24003610106343
500.0;25.0;10.0;0.06047;0.002087023398686909;0.12434;0.002323407459362696;55.6;5.460972644339305;42.3;7.273238618387272;13.3;4.47337804249888;10405.6;35.07198945660831
500.0;26.0;10.0;0.06144;0.002285801585634431;0.12204;0.0027801678606395944;56.7;6.447221623821122;44.3;8.90754985641082;12.4;4.623610902506587;10418.0;38.157568056677825
500.0;27.0;10.0;0.06225;0.0022867978582385554;0.11968999999999999;0.0028061242547922447;57.9;4.748099034818508;44.4;5.037636129950016;13.5;5.400617248673217;10431.5;38.006578377959784
500.0;28.0;10.0;0.06304;0.0021422729362369623;0.11749;0.002830567277262831;59.1;5.3218626647276635;46.5;6.553201083779166;12.6;3.8355066303046734;10444.1;39.80912793150167
500.0;29.0;10.0;0.06397;0.0022090973521126495;0.1162;0.0027664658561661897;59.8;4.984420171338332;48.0;5.456901847914967;11.8;3.4896672875473067;10455.9;41.500870138133514
500.0;30.0;10.0;0.06472;0.0020836933022347058;0.11408;0.002257235280406346;59.7;5.793674711844519;46.0;9.055385138137417;13.7;5.012207320355197;10469.6;44.739244517537394
500.0;31.0;10.0;0.06557;0.0022281282628151284;0.11246;0.0023547587750954216;62.2;6.511528238439882;51.1;8.698020208964541;11.1;4.0124805295477755;10480.7;43.30781299796455
500.0;32.0;10.0;0.06637;0.002292524082025457;0.11103;0.0023907460481336507;62.9;6.935416353759881;50.2;7.699927849589819;12.7;3.497618237219913;10493.4;43.60988674855992
500.0;33.0;10.0;0.06721;0.002329735321161326;0.11001;0.0026681037794242138;63.7;7.394442357458592;51.5;9.834745661287954;12.2;4.962078417580906;10505.6;46.89989339007073
500.0;34.0;10.0;0.06795;0.002258932884743984;0.10905;0.002585966400056702;63.8;8.323994767471259;50.5;11.806307165616559;13.3;5.926400443964466;10518.9;46.86493595666404
500.0;35.0;10.0;0.06875;0.0023386843404881404;0.10785;0.002760535374806047;64.6;8.896940797575061;52.3;11.294541454466696;12.3;5.926400443964466;10531.2;51.916171747239694
500.0;36.0;10.0;0.06954;0.0023152633639490017;0.10682;0.002776408551428347;66.1;8.292566952799758;56.3;8.246884933786278;9.8;5.553777493242275;10541.0;51.21197776562302
500.0;37.0;10.0;0.07029;0.0024291973983190406;0.10574;0.002451394161152656;65.1;9.109823757290197;55.9;11.892574714221194;9.2;5.181162460726786;10550.2;53.87598929228328
500.0;38.0;10.0;0.07138;0.002517847405137084;0.10521;0.002733922700687301;66.0;8.576453553512405;55.9;7.44535649471087;10.1;4.254409477236529;10560.3;55.95245997968077
500.0;39.0;10.0;0.07205;0.0023712397132676756;0.10449;0.0026900846744211527;66.6;8.553102101317133;55.9;10.70254383053134;10.7;5.716448003592596;10571.0;57.95208748996402
500.0;40.0;10.0;0.07297;0.0023837645297582013;0.10389;0.002691736325208033;66.8;8.148619514985345;56.4;8.959166627910582;10.4;6.363087999461338;10581.4;58.36894151287424
500.0;41.0;10.0;0.07385;0.002384789764784773;0.10318;0.0025853433040894202;67.7;7.36432843736164;58.9;6.740425308044985;8.8;5.072803301265814;10590.2;61.392724867582366
500.0;42.0;10.0;0.07487;0.002493123877120161;0.10248;0.002613554412417437;68.7;8.433399209228876;60.0;11.595018087284057;8.7;5.143496432929215;10598.9;63.96605002308299
500.0;43.0;10.0;0.07583;0.0024675899173079788;0.10198;0.002607169601950232;68.6;8.342661445845684;57.1;7.8662429264406635;11.5;4.249182927993988;10610.4;66.40147254056612
500.0;44.0;10.0;0.07662;0.002471526743623149;0.10156;0.002606061310782145;69.3;9.933668898135158;59.8;11.50651989091402;9.5;4.143267631552018;10619.9;66.66741666244796
500.0;45.0;10.0;0.07759;0.0026185025406815165;0.101;0.002771682200798321;70.3;9.310090105781887;61.8;9.04064894425911;8.5;5.7397251192408545;10628.4;67.40787952622618
500.0;46.0;10.0;0.07857;0.0026166348193391027;0.10062;0.0024252376744924972;69.9;8.672433978480962;57.9;7.27934673503666;12.0;4.714045207910317;10640.4;70.77224817053018
500.0;47.0;10.0;0.07954;0.0026454153213100995;0.10027;0.0025906026754834925;71.1;7.781031065639337;62.4;8.315981935740094;8.7;6.111010100175293;10649.1;72.85365849122167
500.0;48.0;10.0;0.08061;0.002872648797035778;0.09972;0.0023883048381645087;71.3;8.152027695951208;61.1;8.621033709609435;10.2;4.366539438350084;10659.3;73.533136899103
500.0;49.0;10.0;0.08158;0.0029362863923292257;0.09976;0.002359472634109393;70.2;8.841819822738856;63.4;9.559172442098625;6.8;5.181162460726786;10666.1;75.75464782220736
500.0;50.0;10.0;0.08247;0.002833156857249133;0.09914;0.002497198430241376;71.8;9.271221901969318;64.7;9.809858986414296;7.1;4.998888765404656;10673.2;76.35269041319587
500.0;51.0;10.0;0.08364;0.0030328571054736866;0.09894;0.002298405244221888;71.6;10.699948078794069;62.5;12.48332220738267;9.1;5.10881590977792;10682.3;75.74672710201192
500.0;52.0;10.0;0.08493;0.0032045280463743786;0.09879;0.0021814623026258735;71.7;9.866328823044793;62.1;7.415449338299662;9.6;3.8643671323171835;10691.9;78.54149646312239
500.0;53.0;10.0;0.08592;0.0032625143677844537;0.09858;0.002267548847936418;72.0;9.46337971105226;62.9;6.384877968032487;9.1;4.931756504757937;10701.0;81.53526844255803
500.0;54.0;10.0;0.08698;0.003489921998491592;0.09832;0.0021555097360536845;72.6;11.117553687749837;64.3;13.333749993489787;8.3;4.9899899799498595;10709.3;82.48104159273343
500.0;55.0;10.0;0.08817;0.00356901791658278;0.09847;0.0023419127984524854;72.5;10.84486565666496;62.9;9.194805296712076;9.6;4.247875285886398;10718.9;86.19931683152844
500.0;56.0;10.0;0.0891;0.0035377331097124257;0.09815;0.0021864481598143476;73.4;10.844353369380768;64.8;11.631375193367674;8.6;7.633260552782583;10727.5;86.85012633522443
500.0;57.0;10.0;0.09031;0.0037113788991873795;0.09788;0.0022972447264785123;73.8;9.186947262284681;64.3;8.393780766469634;9.5;8.031189202104505;10737.0;91.01159877241533
500.0;58.0;10.0;0.09149;0.003764291286402912;0.09804;0.002113028369163293;73.5;10.437645541234117;63.2;10.304260176149366;10.3;3.917198545446024;10747.3;93.64003180026988
500.0;59.0;10.0;0.09262000000000001;0.003982126734966295;0.09769;0.0025092938360334674;72.9;9.620002310002032;63.2;8.270429251254132;9.7;4.83160888777687;10757.0;96.10757861202553
500.0;60.0;10.0;0.0936;0.004098238103814315;0.0973;0.0023390406390465103;73.7;10.781156400559883;64.9;13.177843357528406;8.8;5.553777493242275;10765.8;94.82240710343146
2000.0;1.0;10.0;0.04467;0.0020248731098790134;0.1093;0.005173865951963666;0.4;0.5163977794943223;0.4;0.5163977794943223;0.0;0.0;10000.0;0.0
2000.0;2.0;10.0;0.04481;0.00195587434270314;0.1093;0.004697280537124053;21.2;16.19190469888511;5.9;2.4698178070456938;15.3;16.786568705035847;10015.3;16.786568705035847
2000.0;3.0;10.0;0.044950000000000004;0.0021752394504207274;0.10979;0.004327804164803313;3.5;1.0801234497346435;4.7;2.0575065816014617;-1.2;1.2292725943057183;10014.1;17.259136066958213
2000.0;4.0;10.0;0.04535;0.002157802379994774;0.11054;0.004467462615649091;3.9;0.9944289260117531;5.0;2.449489742783178;-1.1;2.0789954839350235;10013.0;16.706618781522224
2000.0;5.0;10.0;0.04584;0.0022603834482966233;0.11136;0.004565620318082626;4.0;1.0540925533894598;4.2;3.425395354310701;-0.2;2.573367875415838;10012.8;17.693690024035877
2000.0;6.0;10.0;0.04654;0.0023894211293393488;0.11266999999999999;0.004846315897439803;3.4;0.8432740427115678;2.7;1.766981104093143;0.7;1.5670212364724212;10013.5;17.449928366615147
2000.0;7.0;10.0;0.0471;0.002340939982143924;0.11519;0.0045914050137185695;5.4;2.756809750418044;7.7;6.290204024248074;-2.3;4.2176876234364356;10011.2;13.628401716024273
2000.0;8.0;10.0;0.04758;0.0024589067127937622;0.11727;0.004284870022662427;4.6;2.5473297566057065;1.6;1.0749676997731399;3.0;2.5385910352879693;10014.2;14.830898676599324
2000.0;9.0;10.0;0.04825;0.002579082524206363;0.11725;0.004104536785341583;4.8;2.2997584414213788;1.5;1.2692955176439846;3.3;2.0575065816014617;10017.5;15.671984912930178
2000.0;10.0;10.0;0.04898;0.002559861107343303;0.11834;0.005010034375575125;6.0;2.3570226039551585;2.0;1.7638342073763937;4.0;2.309401076758503;10021.5;17.557840920163784
2000.0;11.0;10.0;0.04962;0.002452572345744588;0.11976;0.004620774345881387;7.2;2.2010098692292237;1.6;0.9660917830792959;5.6;2.4585451886114367;10027.1;18.651481919080258
2000.0;12.0;10.0;0.05043;0.002642830973701411;0.11822;0.0032416730933955136;8.8;2.2010098692292237;4.1;1.449137674618944;4.7;1.8287822299126937;10031.8;19.048476171191343
2000.0;13.0;10.0;0.05115;0.0025966859220509855;0.11746;0.003554089975725932;3.7;2.3118054512532935;4.1;2.998147576235848;-0.4;1.5776212754932308;10031.4;18.98654494343004
2000.0;14.0;10.0;0.05192;0.0027547131328768955;0.11642;0.0038611454834601155;4.9;2.5144029554194813;5.0;2.309401076758503;-0.1;2.0789954839350235;10031.3;19.2067696398952
2000.0;15.0;10.0;0.05272;0.002917304692120222;0.11593;0.0032138761643846834;5.8;2.973961069759395;4.2;2.250925735484551;1.6;2.0110804171997807;10032.9;20.278340935863344
2000.0;16.0;10.0;0.05338;0.0028912896007760197;0.11585;0.0032941867989940508;6.9;3.8427420765212266;5.0;3.2317865716108862;1.9;2.6012817353502227;10034.8;21.575706503174146
2000.0;17.0;10.0;0.05426;0.002846127974010383;0.11616;0.0033270607648994543;8.9;4.094712037087183;6.9;2.8067379246694513;2.0;2.0548046676563256;10036.8;22.601868162708243
2000.0;18.0;10.0;0.05514;0.0028476891216095432;0.11703;0.0032571459899734304;9.5;4.352521619066865;4.8;2.6997942308422114;4.7;2.7100635498903793;10041.5;23.791922065179087
2000.0;19.0;10.0;0.05585;0.002846928169097352;0.11802;0.0037820629291432997;10.0;4.109609335312651;6.2;3.2591750830880843;3.8;3.359894178227774;10045.3;25.329166323956787
2000.0;20.0;10.0;0.056690000000000004;0.002814032298637984;0.1195;0.003802046232695699;9.3;3.6224607965059086;4.0;2.1081851067789197;5.3;2.8693785622209793;10050.6;27.21192549028622
2000.0;21.0;10.0;0.05761;0.0028857696835795235;0.12084;0.004072727723665197;9.6;4.5995168828427575;5.8;4.391911757866827;3.8;1.6193277068654826;10054.4;27.81366570590795
2000.0;22.0;10.0;0.05852;0.0028596037021470892;0.12158;0.0035888097686497056;10.1;4.483302354291979;5.8;3.2249030993194197;4.3;1.888562063228706;10058.7;29.371376845115343
2000.0;23.0;10.0;0.05932;0.0030589758634767504;0.12227;0.003586099707357718;10.5;4.034572812303401;7.0;2.160246899469287;3.5;2.5495097567963922;10062.2;31.161942600978307
2000.0;24.0;10.0;0.06038;0.002940823769702028;0.12302;0.0031226057494769754;10.6;3.9496835316262997;7.4;2.4585451886114367;3.2;2.573367875415838;10065.4;32.98551870813076
2000.0;25.0;10.0;0.06111;0.002978235868578728;0.12189;0.0035331603731252035;6.6;2.4585451886114367;7.0;4.0;-0.4;2.3190036174568114;10065.0;32.82614134429381
2000.0;26.0;10.0;0.062150000000000004;0.0031092156924572194;0.1211;0.0039392610700203345;6.7;2.406010991015812;6.8;3.4896672875473067;-0.1;1.8529256146249728;10064.9;32.593284925306655
2000.0;27.0;10.0;0.06305;0.0031542739964125566;0.12017;0.003748199567792515;7.3;3.1640339933558095;7.9;3.9001424475410014;-0.6;2.4129281427805145;10064.3;33.159714514251576
2000.0;28.0;10.0;0.06411;0.002998314341240572;0.11894;0.003424162509123784;7.4;3.7178249316263163;7.6;4.141926551202418;-0.2;1.4757295747452437;10064.1;32.89528841642827
2000.0;29.0;10.0;0.06509;0.002997573092427347;0.11767;0.0038525748965248328;8.5;3.6590830666833583;9.9;4.280446497997869;-1.4;2.875181153713043;10062.7;33.300150149811635
2000.0;30.0;10.0;0.06607;0.00301553385728704;0.11664;0.003823668976839448;8.6;3.533962208186286;8.1;3.142893217686178;0.5;2.1213203435596424;10063.2;34.04180436528658
2000.0;31.0;10.0;0.06718;0.003014704702693855;0.11475;0.0036621942420721858;8.3;3.093002855909879;6.5;3.4075080500434787;1.8;2.2010098692292237;10065.0;35.046001515468525
2000.0;32.0;10.0;0.06837;0.002946202829255161;0.11334999999999999;0.003536240942017385;8.1;2.8067379246694513;7.5;3.719318934070233;0.6;3.025814858109391;10065.6;35.618971224771656
2000.0;33.0;10.0;0.06934;0.002864417722485475;0.11194;0.0034657691145769587;7.7;2.5407785333546005;6.4;2.0655911179772892;1.3;1.1595018087284057;10066.9;36.219853364940306
2000.0;34.0;10.0;0.07046;0.0030310247625367744;0.11026;0.003639963369779062;7.5;3.13581462037113;7.2;4.263540521418529;0.3;1.7029386365926402;10067.2;35.27605420111495
2000.0;35.0;10.0;0.07169;0.003207785667542158;0.10891;0.003837664220156142;7.9;3.1780497164141406;7.2;3.457680661303984;0.7;2.0027758514399734;10067.9;35.33474839933694
2000.0;36.0;10.0;0.07286;0.0031672631017260855;0.10776000000000001;0.004051666323872191;8.0;2.748737083745107;7.4;3.4058772731852804;0.6;2.1186998109427604;10068.5;35.60352666676591
2000.0;37.0;10.0;0.0739;0.0033476359818036755;0.10614;0.004470446162173181;7.1;2.5144029554194813;6.9;3.6040101122068027;0.2;2.250925735484551;10068.7;36.76365959295492
2000.0;38.0;10.0;0.07519;0.0031100017863517557;0.10374;0.006139887802087447;7.3;2.406010991015812;7.7;3.2676869155073254;-0.4;2.0110804171997807;10068.3;36.3900169460435
2000.0;39.0;10.0;0.07637;0.0031640515517643232;0.10214;0.006928395677692395;7.0;2.6666666666666665;6.4;4.351245032554859;0.6;2.1705094128132942;10068.9;35.189802815904244
2000.0;40.0;10.0;0.0776;0.0032376260164234875;0.10056;0.00733987586937121;7.3;2.406010991015812;7.6;3.0623157540948935;-0.3;2.406010991015812;10068.6;36.13001214749004
2000.0;41.0;10.0;0.07875;0.003256873074318711;0.09904;0.007122608760528376;7.9;3.2812599206199233;9.3;6.129165250396392;-1.4;3.5962943891363137;10067.2;36.84441763837653
2000.0;42.0;10.0;0.07983;0.0033585876661345487;0.09766;0.007514460134375;7.6;2.836272984824353;7.0;2.8674417556808756;0.6;1.8973665961010275;10067.8;36.45941426969019
2000.0;43.0;10.0;0.0811;0.003532704346531137;0.09612;0.007731867677203081;7.3;2.0575065816014617;6.5;3.1710495984067415;0.8;2.6997942308422114;10068.6;37.166890881236995
2000.0;44.0;10.0;0.08231;0.003742978611866342;0.09509;0.00757663807004429;12.5;11.4624992426996;7.2;2.2010098692292237;5.3;12.508219519801992;10073.9;36.852408333784645
2000.0;45.0;10.0;0.08349000000000001;0.003999291603938544;0.0941;0.007546743226937918;10.5;8.872554436137444;8.6;4.5995168828427575;1.9;10.908202825804482;10075.8;41.26553579495175
2000.0;46.0;10.0;0.08481;0.00422780478893401;0.09349;0.0076545483936749075;10.1;6.488451279003334;7.9;5.820461990063828;2.2;8.456424250894175;10078.0;46.42078078715274
2000.0;47.0;10.0;0.08618;0.004382997452277001;0.09256;0.00748200804894277;9.3;5.034326612809745;7.8;4.417138339593985;1.5;5.562773089426212;10079.5;49.250493511345766
2000.0;48.0;10.0;0.08737;0.004432468587342471;0.09189;0.00762895798913587;9.7;5.945119380167605;7.6;4.695151163109069;2.1;6.935416353759881;10081.6;53.821102841832506
2000.0;49.0;10.0;0.08854;0.004493995994657763;0.09058;0.007441296183386928;11.0;9.128709291752768;7.7;3.3681514877517675;3.3;11.624208455728168;10084.9;63.36393997289696
2000.0;50.0;10.0;0.08961;0.004433822028202956;0.08946;0.007405733514574293;17.9;17.025797419732733;6.6;4.880801391392834;11.3;17.016658504731964;10096.2;64.96973654453792
2000.0;51.0;10.0;0.09085;0.004606818617850911;0.0885;0.007459520389706326;16.0;14.047538337136984;6.6;2.4129281427805145;9.4;14.546477236774544;10105.6;73.01932773055516
2000.0;52.0;10.0;0.09204;0.004790314301912882;0.08756;0.007218525549661171;15.4;13.582668695395942;6.3;3.4657049948186747;9.1;15.466451147923726;10114.7;84.64835760039556
2000.0;53.0;10.0;0.09345;0.005108217780095999;0.08695;0.007006385975982514;16.3;15.085312945599327;6.4;4.168666186896928;9.9;16.155150537487692;10124.6;97.33698623282359
2000.0;54.0;10.0;0.0946;0.0051841639205908166;0.08627;0.006833585361205994;16.6;15.664538862595917;5.3;3.683295625749672;11.3;16.786568705035847;10135.9;110.57571563814945
2000.0;55.0;10.0;0.09580999999999999;0.0055052399281654086;0.08589;0.006925388075768749;16.3;15.860853276752378;5.1;3.3482997343593826;11.2;17.561321134812154;10147.1;125.04439211735966
2000.0;56.0;10.0;0.09687;0.005791190627918309;0.08536;0.00681064526229996;15.9;14.301903525211056;6.3;3.8311588035185618;9.6;16.873384696352748;10156.7;140.05558420379626
2000.0;57.0;10.0;0.0982;0.006251399843235114;0.08503;0.006836023860565602;22.2;17.093208527885505;4.6;2.2211108331943574;17.6;17.677355257189603;10174.3;150.33373983684876
2000.0;58.0;10.0;0.09952;0.0067775446225835445;0.08468;0.006807805977128181;20.6;15.435888917281915;4.0;2.449489742783178;16.6;17.108802153017933;10190.9;162.27100103770167
2000.0;59.0;10.0;0.10065;0.0071658526669507;0.08448;0.006769014371055476;20.3;15.114746294779664;4.5;3.2058973436118907;15.8;17.949311345502306;10206.7;176.38030250317385
2000.0;60.0;10.0;0.10187;0.00748450992977422;0.08384;0.006679354592906248;21.5;16.20185174601965;4.3;4.423422506008969;17.2;19.193748982416125;10223.9;190.60689622594688
3000.0;1.0;10.0;0.04468;0.002023638087976975;0.10932;0.0052067904381362115;0.5;0.5270462766947299;0.5;0.5270462766947299;0.0;0.0;10000.0;0.0
3000.0;2.0;10.0;0.04481;0.0020157435903959166;0.10936;0.004902199053032788;19.5;18.075459115115784;5.9;2.183269719175042;13.6;18.355743878506622;10013.6;18.355743878506622
3000.0;3.0;10.0;0.04508;0.002118070400676574;0.10967;0.00438686169779212;3.8;0.7888106377466154;5.7;2.3118054512532935;-1.9;1.66332999331662;10011.7;17.613441836657973
3000.0;4.0;10.0;0.0454;0.0022010098692292245;0.10986;0.004331845898562054;4.5;0.8498365855987975;6.3;2.7100635498903793;-1.8;1.9888578520235063;10009.9;18.870612072744223
3000.0;5.0;10.0;0.04562;0.0022665686253306627;0.10963;0.004184110153638138;5.0;1.1547005383792515;5.6;2.1705094128132942;-0.6;1.2649110640673518;10009.3;19.362334569984064
3000.0;6.0;10.0;0.04606;0.00226872455602506;0.10946;0.0037645126584400744;5.4;1.837873166945363;6.6;2.6749870196985173;-1.2;1.0327955589886446;10008.1;19.84635426917946
3000.0;7.0;10.0;0.046490000000000004;0.00231202172231241;0.10892;0.0037676399922379933;7.1;2.1317702607092643;10.1;6.172519744804386;-3.0;4.546060565661952;10005.1;16.27165224144944
3000.0;8.0;10.0;0.04679;0.002188073734284718;0.10772;0.003965630116667743;5.9;1.5238839267549948;4.0;1.4142135623730951;1.9;1.449137674618944;10007.0;16.42491332633989
3000.0;9.0;10.0;0.04725;0.002249073883475893;0.10584;0.003774240173715616;5.2;1.5491933384829668;3.3;1.766981104093143;1.9;0.9944289260117531;10008.9;17.01274032404343
3000.0;10.0;10.0;0.04778;0.002250333308645632;0.10405;0.003485605319660338;3.8;1.0327955589886446;1.3;1.4181364924121764;2.5;1.2692955176439846;10011.4;17.951787283350555
3000.0;11.0;10.0;0.04847;0.0022101030644645406;0.10234;0.0033695367304390337;3.2;1.1352924243950935;2.2;1.3165611772087666;1.0;1.1547005383792515;10012.4;18.276882787949493
3000.0;12.0;10.0;0.04909;0.0021692036429170145;0.10074;0.0031595358308882456;3.6;0.9660917830792959;4.3;2.2135943621178655;-0.7;1.766981104093143;10011.7;17.042756688856283
3000.0;13.0;10.0;0.049710000000000004;0.0022372850610604903;0.09934;0.003206313216834007;3.9;1.1972189997378648;4.5;1.509230856356236;-0.6;0.699205898780101;10011.1;17.47029224458226
3000.0;14.0;10.0;0.0504;0.0022588099128129876;0.09795999999999999;0.00293340908993084;4.2;1.5491933384829668;4.3;3.8600518131237567;-0.1;2.4244128727957577;10011.0;18.37873166945363
3000.0;15.0;10.0;0.05117;0.0022020445045457184;0.09654;0.002843393903223557;3.7;1.4944341180973262;3.3;1.766981104093143;0.4;1.5776212754932308;10011.4;17.506824066314508
3000.0;16.0;10.0;0.05182;0.0022719546161351417;0.09523;0.0026671041307838803;3.4;1.2649110640673518;2.6;1.6465452046971292;0.8;1.1352924243950935;10012.2;18.140194780284656
3000.0;17.0;10.0;0.05248;0.00247287506985515;0.09394;0.0025846555755930875;3.5;0.97182531580755;3.5;1.35400640077266;0.0;1.4907119849998598;10012.2;17.881088706600988
3000.0;18.0;10.0;0.05324;0.002330569792037037;0.09344;0.002662580202234914;3.2;1.2292725943057183;3.2;2.485513584307633;0.0;1.7638342073763937;10012.2;16.969253240951872
3000.0;19.0;10.0;0.05386;0.0023585306160121525;0.09299;0.0025475260330149498;9.3;18.535551426020934;3.4;1.776388345929897;5.9;18.6931359951543;10018.1;19.39902632149929
3000.0;20.0;10.0;0.05444;0.002091357878933632;0.0927;0.002510865278035532;6.6;9.264028401414917;3.2;2.043961295567452;3.4;8.846845012017939;10021.5;24.559451676832417
3000.0;21.0;10.0;0.05506;0.0019760791707036656;0.09243;0.002305572958434989;25.7;30.01129417032491;2.7;1.766981104093143;23.0;29.514591494904874;10044.5;42.10370793911413
3000.0;22.0;10.0;0.05547;0.001980488155312557;0.09209;0.002249172687407034;13.1;13.67438806268452;3.8;2.859681411936962;9.3;14.016260398392845;10053.8;55.20829245281505
3000.0;23.0;10.0;0.05616;0.0020570745138559165;0.09156;0.0021930192277618862;12.3;21.364820513066697;2.4;1.5776212754932308;9.9;21.351294522294843;10063.7;63.06266724457506
3000.0;24.0;10.0;0.05668;0.0022114851721561826;0.0909;0.002121844061711941;22.5;27.26923378298538;2.0;1.0540925533894598;20.5;27.11805466638212;10084.2;71.55231186574849
3000.0;25.0;10.0;0.05726;0.0020145029715099017;0.08945;0.0017859015774796929;27.4;28.300765596240208;2.3;1.8287822299126937;25.1;28.61021573572007;10109.3;89.29358568477606
3000.0;26.0;10.0;0.05784;0.001977203412229843;0.08782;0.001606791143172559;16.0;18.184242262647807;2.5;1.0801234497346435;13.5;18.686001890898616;10122.8;105.3141332712123
3000.0;27.0;10.0;0.05838;0.0021555097360536836;0.08646;0.0015225709251861538;27.1;27.192523482261322;2.4;3.3065591380365986;24.7;25.76841304991658;10147.5;112.46258637134989
3000.0;28.0;10.0;0.05917;0.0021432322423023693;0.08501;0.0013135617398677723;37.2;24.105324446409483;3.3;1.946506842754191;33.9;23.703961225452968;10181.4;119.67195902874565
3000.0;29.0;10.0;0.05961;0.0023196982562393768;0.08366;0.0012946041866145788;38.3;21.654098919142307;3.8;3.2930904093942583;34.5;22.06178193669365;10215.9;130.18828245617533
3000.0;30.0;10.0;0.06023;0.002456307074541871;0.08244;0.0012482877161224587;34.8;17.693690024035877;4.9;4.748099034818508;29.9;16.189502771858066;10245.8;138.35124382045385
3000.0;31.0;10.0;0.06096;0.002655476521371551;0.08128;0.001088117640698838;38.9;21.14736652898207;4.5;4.301162633521313;34.4;19.201851762554337;10280.2;145.15952910122328
3000.0;32.0;10.0;0.06184;0.0025180239165751473;0.08016999999999999;0.000971882480321341;46.9;17.872697986966973;5.9;8.812238963825003;41.0;17.243356208503418;10321.2;146.81038413167133
3000.0;33.0;10.0;0.06258;0.0026644991190757704;0.07913;0.0010209472725529643;51.1;9.182713227702486;2.7;2.110818693198342;48.4;9.69765149118303;10369.6;148.55242247173965
3000.0;34.0;10.0;0.0631;0.0026415483674878614;0.07834;0.0008235424835563856;51.8;5.159672685570493;1.9;1.9119507199599983;49.9;5.685263601823773;10419.5;149.5647388628453
3000.0;35.0;10.0;0.06363;0.002494905921183314;0.07765;0.0006258327785172858;51.2;6.338594306135847;1.3;1.4944341180973262;49.9;6.871034209717712;10469.4;150.90850797015315
3000.0;36.0;10.0;0.06403;0.002341438304404652;0.07682;0.0006069962474714668;47.9;5.9338951044917465;1.6;1.837873166945363;46.3;5.963779562212764;10515.7;152.21114720457675
3000.0;37.0;10.0;0.06470000000000001;0.0024454038521274967;0.07617;0.0006377913277693402;50.5;5.0387388192769915;3.3;4.056544780420347;47.2;4.848825745591515;10562.9;152.47109015591556
3000.0;38.0;10.0;0.06545;0.0024518700346198357;0.07573;0.0006447221623821115;51.5;6.311365409587163;4.1;6.505553183413554;47.4;6.3456021516217564;10610.3;155.43062046385126
3000.0;39.0;10.0;0.06620999999999999;0.0024941932563456266;0.07535;0.0006485025486114563;49.3;7.242620765686655;4.4;5.680375574437544;44.9;6.172519744804386;10655.2;156.51325822434342
3000.0;40.0;10.0;0.06694;0.002373089875153395;0.07497;0.0005457919831665623;51.0;5.456901847914967;3.9;4.280446497997869;47.1;6.026792034094276;10702.3;156.3891513714
3000.0;41.0;10.0;0.06769;0.002368989470451718;0.07477;0.000501220732035521;51.2;5.977736472389305;3.8;5.3499740393970345;47.4;6.449806198638839;10749.7;156.825486874211
3000.0;42.0;10.0;0.06824;0.002502532051076802;0.0746;0.0006377042156569665;49.4;5.521674464226308;0.8;1.0327955589886446;48.6;5.378971401051816;10798.3;155.73913373901172
3000.0;43.0;10.0;0.06885;0.0024918756879997945;0.07437;0.0006700746227100389;48.9;4.954235000930461;1.8;1.6193277068654826;47.1;4.771442828607157;10845.4;154.61651485745844
3000.0;44.0;10.0;0.0695;0.002566017233855697;0.07424;0.000933571398209882;47.2;5.846176338238334;2.9;4.094712037087183;44.3;4.922736366426028;10889.7;153.8917729372749
3000.0;45.0;10.0;0.07019;0.0026108534151797094;0.07434;0.001784625699940717;47.4;6.603029607687671;3.9;7.171703656268386;43.5;6.222718234198156;10933.2;155.33175964868084
3000.0;46.0;10.0;0.07087;0.0026229965899922762;0.07478;0.0033805982376562344;47.1;6.556591255285698;1.0;1.0540925533894598;46.1;6.4368729468068056;10979.3;154.2617184455618
3000.0;47.0;10.0;0.07163;0.0026874399218091063;0.07513;0.004870329671707155;43.8;15.831052467294214;1.2;1.0327955589886446;42.6;15.91086281618805;11021.9;152.32746159361926
3000.0;48.0;10.0;0.07224;0.0026103213935792994;0.07502;0.005544727225031002;41.6;15.392638933377647;1.3;1.4944341180973262;40.3;15.377111417803915;11062.2;153.42301725041852
3000.0;49.0;10.0;0.07309;0.002432853834034792;0.07445;0.004216963098934798;41.2;14.868310820892422;1.6;1.429840705968481;39.6;14.893697399310295;11101.8;155.6604566926931
3000.0;50.0;10.0;0.07373;0.002310868042773345;0.07419;0.003784016091109783;44.3;7.674633541739957;0.9;1.286683937707919;43.4;7.3363630105265525;11145.2;155.83167557050496
3000.0;51.0;10.0;0.07447000000000001;0.002390746048133653;0.07408000000000001;0.003455044621033619;42.8;7.360555534589612;0.7;0.8232726023485646;42.1;7.202622979011034;11187.3;156.93951418018062
3000.0;52.0;10.0;0.0753;0.0024285340800115985;0.07388;0.0031061945277854764;42.6;6.149977416399366;1.2;1.5491933384829668;41.4;6.2574400161372346;11228.7;159.16172767206177
3000.0;53.0;10.0;0.07607;0.002405572234994779;0.07378;0.0027971413979275338;43.0;6.782329983125268;4.1;8.646772037394456;38.9;10.959014554237985;11267.6;160.62945627194978
3000.0;54.0;10.0;0.07682;0.002393416897334113;0.07373;0.0024824047480887022;45.2;9.600925881277169;5.7;9.649985607358294;39.5;6.587024281789835;11307.1;161.90082698299528
3000.0;55.0;10.0;0.07769000000000001;0.002465517750448731;0.07364;0.002163947011057957;43.7;8.857514073122072;2.8;4.2895221179054435;40.9;8.543353491977777;11348.0;164.70107602697817
3000.0;56.0;10.0;0.07857;0.0027292856208172857;0.07357;0.002066155850849592;43.1;8.582281488948935;4.1;5.300943312279428;39.0;7.615773105863909;11387.0;168.46232681390683
3000.0;57.0;10.0;0.07937;0.002652483113361263;0.07373;0.0021689987449409827;41.0;7.972173828734265;2.9;2.4244128727957577;38.1;8.238797107453113;11425.1;172.960143128731
3000.0;58.0;10.0;0.08025;0.0026458562991129256;0.07403;0.0027186802353756563;41.0;7.944250191875323;2.3;2.3118054512532935;38.7;8.756584823878415;11463.8;177.42027943714766
3000.0;59.0;10.0;0.08109;0.0026379495404153905;0.07464;0.004021387267542827;41.3;6.945022198188666;3.4;5.081557066709201;37.9;8.5693251387337;11501.7;181.59053450613064
3000.0;60.0;10.0;0.08202999999999999;0.0026779137817006388;0.07439;0.003973928926278263;40.0;6.912147117775907;2.8;3.552776691859794;37.2;6.941021378570864;11538.9;184.80527289254732
